{
  "integrations": [
    {
      "id": "8cd0af6d-8c19-4f4f-9465-aae6aef9e353",
      "name": "Inbound Retrace Slack integration",
      "action": "CREATE_EVENT",
      "type": "INBOUND_WEBHOOK",
      "deployed": true,
      "form": "fcf25434-87c6-48aa-9a84-7465c2a71132",
      "script": "/*\n * To use functions that are defined in a shared library, import\n * the shared library using the require function. You can then\n * access the functions in the shared library. Shared library names\n * are case-sensitive.\n *\n * The following statements show how to use a function named 'myFunction'\n * that is included in a shared library named 'My Shared Library'.\n *\n * var mySharedLibrary = require('My Shared Library');\n * var message = mySharedLibrary.myFunction();\n */\n\nvar data;\n\n// If your data is posted as JSON\n// data = JSON.parse(request.body);\n\n// If your data is posted as query string parameters or form post body\n// data = request.parameters;\n\n// If your data is posted as xml\n// data = JXON.parse(request.body)\n\n// Parse data from incoming payload and construct the trigger object\n// trigger.properties.Impact = data.Importance;\n// trigger.properties.Summary = data.Summary;\n// trigger.properties['Incident ID'] = data['Incident ID'];\n\n// Define recipients\nvar recipients = [];\n// Add a recipient targeting a user or group\nrecipients.push({\n    'targetName': 'Operations'\n});\n// Add a recipient targeting specific devices\nrecipients.push({\n    'targetName': 'bsmith',\n    'devices': ['Work Email', 'Work Phone']\n});\ntrigger.recipients = recipients;\n\n// Post trigger to form\n// form.post(trigger);",
      "environment": "HOSTED"
    }
  ],
  "endpoints": [],
  "constants": []
}